"CubeId";"devkum"
"PublishingDate";"2019-09-02 14:30"

"Date";"D0";"D1";"Value"
"2000-01";"M1";"EUR1";"1.6093"
"2000-01";"M1";"GBP1";"2.665"
"2000-01";"M1";"USD1";"1.6405"
"2000-01";"M1";"BRL100";"92.01"
"2000-01";"M1";"ZAR1";"0.2598"
"2000-01";"M1";"JPY100";"1.5362"
"2000-01";"M1";"HKD100";"21.0858"
"2000-02";"M1";"EUR1";"1.6066"
"2000-02";"M1";"GBP1";"2.6235"
"2000-02";"M1";"USD1";"1.644"
"2000-02";"M1";"BRL100";"92.4"
"2000-02";"M1";"ZAR1";"0.2588"
"2000-02";"M1";"JPY100";"1.4931"
"2000-02";"M1";"HKD100";"21.1224"
"2000-03";"M1";"EUR1";"1.5918"
"2000-03";"M1";"GBP1";"2.6508"
"2000-03";"M1";"USD1";"1.6626"
"2000-03";"M1";"BRL100";"95.2"
"2000-03";"M1";"ZAR1";"0.2524"
"2000-03";"M1";"JPY100";"1.5816"
"2000-03";"M1";"HKD100";"21.351"
"2000-04";"M1";"EUR1";"1.5721"
"2000-04";"M1";"GBP1";"2.7156"
"2000-04";"M1";"USD1";"1.7291"
"2000-04";"M1";"BRL100";"95.7"
"2000-04";"M1";"ZAR1";"0.2533"
"2000-04";"M1";"JPY100";"1.6239"
"2000-04";"M1";"HKD100";"22.197"
"2000-05";"M1";"EUR1";"1.5701"
"2000-05";"M1";"GBP1";"2.5202"
"2000-05";"M1";"USD1";"1.686"
"2000-05";"M1";"BRL100";"92"
"2000-05";"M1";"ZAR1";"0.2408"
"2000-05";"M1";"JPY100";"1.5719"
"2000-05";"M1";"HKD100";"21.6354"
"2000-06";"M1";"EUR1";"1.5583"
"2000-06";"M1";"GBP1";"2.458"
"2000-06";"M1";"USD1";"1.625"
"2000-06";"M1";"BRL100";"89.5"
"2000-06";"M1";"ZAR1";"0.238"
"2000-06";"M1";"JPY100";"1.5406"
"2000-06";"M1";"HKD100";"20.8459"
"2000-07";"M1";"EUR1";"1.5483"
"2000-07";"M1";"GBP1";"2.5115"
"2000-07";"M1";"USD1";"1.6757"
"2000-07";"M1";"BRL100";"93.7"
"2000-07";"M1";"ZAR1";"0.2407"
"2000-07";"M1";"JPY100";"1.5298"
"2000-07";"M1";"HKD100";"21.4869"
"2000-08";"M1";"EUR1";"1.5476"
"2000-08";"M1";"GBP1";"2.5189"
"2000-08";"M1";"USD1";"1.7323"
"2000-08";"M1";"BRL100";"94.9"
"2000-08";"M1";"ZAR1";"0.2487"
"2000-08";"M1";"JPY100";"1.6273"
"2000-08";"M1";"HKD100";"22.2107"
"2000-09";"M1";"EUR1";"1.5245"
"2000-09";"M1";"GBP1";"2.5336"
"2000-09";"M1";"USD1";"1.73"
"2000-09";"M1";"BRL100";"93.8"
"2000-09";"M1";"ZAR1";"0.2376"
"2000-09";"M1";"JPY100";"1.6053"
"2000-09";"M1";"HKD100";"22.1857"
"2000-10";"M1";"EUR1";"1.5195"
"2000-10";"M1";"GBP1";"2.6214"
"2000-10";"M1";"USD1";"1.8086"
"2000-10";"M1";"BRL100";"94.5"
"2000-10";"M1";"ZAR1";"0.2391"
"2000-10";"M1";"JPY100";"1.6596"
"2000-10";"M1";"HKD100";"23.1878"
"2000-11";"M1";"EUR1";"1.5066"
"2000-11";"M1";"GBP1";"2.4624"
"2000-11";"M1";"USD1";"1.732"
"2000-11";"M1";"BRL100";"88.5"
"2000-11";"M1";"ZAR1";"0.2243"
"2000-11";"M1";"JPY100";"1.5653"
"2000-11";"M1";"HKD100";"22.2046"
"2000-12";"M1";"EUR1";"1.5245"
"2000-12";"M1";"GBP1";"2.4464"
"2000-12";"M1";"USD1";"1.6353"
"2000-12";"M1";"BRL100";"83.8"
"2000-12";"M1";"ZAR1";"0.216"
"2000-12";"M1";"JPY100";"1.4242"
"2000-12";"M1";"HKD100";"20.9648"
"2001-01";"M1";"EUR1";"1.5271"
"2001-01";"M1";"GBP1";"2.4016"
"2001-01";"M1";"USD1";"1.6427"
"2001-01";"M1";"BRL100";"83.6"
"2001-01";"M1";"ZAR1";"0.2104"
"2001-01";"M1";"JPY100";"1.4139"
"2001-01";"M1";"HKD100";"21.0621"
"2001-02";"M1";"EUR1";"1.54"
"2001-02";"M1";"GBP1";"2.4143"
"2001-02";"M1";"USD1";"1.6723"
"2001-02";"M1";"BRL100";"81.8"
"2001-02";"M1";"ZAR1";"0.2178"
"2001-02";"M1";"JPY100";"1.4297"
"2001-02";"M1";"HKD100";"21.4397"
"2001-03";"M1";"EUR1";"1.5265"
"2001-03";"M1";"GBP1";"2.4683"
"2001-03";"M1";"USD1";"1.7275"
"2001-03";"M1";"BRL100";"80.2"
"2001-03";"M1";"ZAR1";"0.2154"
"2001-03";"M1";"JPY100";"1.3795"
"2001-03";"M1";"HKD100";"22.1489"
"2001-04";"M1";"EUR1";"1.5371"
"2001-04";"M1";"GBP1";"2.4766"
"2001-04";"M1";"USD1";"1.7251"
"2001-04";"M1";"BRL100";"78.3"
"2001-04";"M1";"ZAR1";"0.2156"
"2001-04";"M1";"JPY100";"1.3941"
"2001-04";"M1";"HKD100";"22.1184"
"2001-05";"M1";"EUR1";"1.5207"
"2001-05";"M1";"GBP1";"2.5449"
"2001-05";"M1";"USD1";"1.796"
"2001-05";"M1";"BRL100";"76.7"
"2001-05";"M1";"ZAR1";"0.2238"
"2001-05";"M1";"JPY100";"1.5101"
"2001-05";"M1";"HKD100";"23.0248"
"2001-06";"M1";"EUR1";"1.5214"
"2001-06";"M1";"GBP1";"2.527"
"2001-06";"M1";"USD1";"1.796"
"2001-06";"M1";"BRL100";"77.6"
"2001-06";"M1";"ZAR1";"0.2225"
"2001-06";"M1";"JPY100";"1.4438"
"2001-06";"M1";"HKD100";"23.0248"
"2001-07";"M1";"EUR1";"1.5107"
"2001-07";"M1";"GBP1";"2.4602"
"2001-07";"M1";"USD1";"1.7256"
"2001-07";"M1";"BRL100";"71.1"
"2001-07";"M1";"ZAR1";"0.2088"
"2001-07";"M1";"JPY100";"1.383"
"2001-07";"M1";"HKD100";"22.1239"
"2001-08";"M1";"EUR1";"1.5159"
"2001-08";"M1";"GBP1";"2.4112"
"2001-08";"M1";"USD1";"1.6514"
"2001-08";"M1";"BRL100";"65.2"
"2001-08";"M1";"ZAR1";"0.1966"
"2001-08";"M1";"JPY100";"1.3918"
"2001-08";"M1";"HKD100";"21.1702"
"2001-09";"M1";"EUR1";"1.4766"
"2001-09";"M1";"GBP1";"2.3714"
"2001-09";"M1";"USD1";"1.6133"
"2001-09";"M1";"BRL100";"60.3"
"2001-09";"M1";"ZAR1";"0.1804"
"2001-09";"M1";"JPY100";"1.3528"
"2001-09";"M1";"HKD100";"20.6839"
"2001-10";"M1";"EUR1";"1.4692"
"2001-10";"M1";"GBP1";"2.3624"
"2001-10";"M1";"USD1";"1.6234"
"2001-10";"M1";"BRL100";"59.6"
"2001-10";"M1";"ZAR1";"0.1717"
"2001-10";"M1";"JPY100";"1.3323"
"2001-10";"M1";"HKD100";"20.812"
"2001-11";"M1";"EUR1";"1.4717"
"2001-11";"M1";"GBP1";"2.3663"
"2001-11";"M1";"USD1";"1.6614"
"2001-11";"M1";"BRL100";"65.2"
"2001-11";"M1";"ZAR1";"0.1603"
"2001-11";"M1";"JPY100";"1.3406"
"2001-11";"M1";"HKD100";"21.303"
"2001-12";"M1";"EUR1";"1.4813"
"2001-12";"M1";"GBP1";"2.4304"
"2001-12";"M1";"USD1";"1.6782"
"2001-12";"M1";"BRL100";"72"
"2001-12";"M1";"ZAR1";"0.1401"
"2001-12";"M1";"JPY100";"1.2774"
"2001-12";"M1";"HKD100";"21.5231"
"2002-01";"M1";"EUR1";"1.4745"
"2002-01";"M1";"GBP1";"2.4106"
"2002-01";"M1";"USD1";"1.7077"
"2002-01";"M1";"BRL100";"70.2"
"2002-01";"M1";"ZAR1";"0.1492"
"2002-01";"M1";"JPY100";"1.2845"
"2002-01";"M1";"HKD100";"21.8947"
"2002-02";"M1";"EUR1";"1.4766"
"2002-02";"M1";"GBP1";"2.4188"
"2002-02";"M1";"USD1";"1.7052"
"2002-02";"M1";"BRL100";"72.3"
"2002-02";"M1";"ZAR1";"0.1488"
"2002-02";"M1";"JPY100";"1.2742"
"2002-02";"M1";"HKD100";"21.8632"
"2002-03";"M1";"EUR1";"1.4656"
"2002-03";"M1";"GBP1";"2.3925"
"2002-03";"M1";"USD1";"1.6806"
"2002-03";"M1";"BRL100";"72.3"
"2002-03";"M1";"ZAR1";"0.1473"
"2002-03";"M1";"JPY100";"1.2676"
"2002-03";"M1";"HKD100";"21.547"
"2002-04";"M1";"EUR1";"1.4636"
"2002-04";"M1";"GBP1";"2.3614"
"2002-04";"M1";"USD1";"1.6204"
"2002-04";"M1";"BRL100";"68.5"
"2002-04";"M1";"ZAR1";"0.1523"
"2002-04";"M1";"JPY100";"1.2661"
"2002-04";"M1";"HKD100";"20.7765"
"2002-05";"M1";"EUR1";"1.4635"
"2002-05";"M1";"GBP1";"2.2887"
"2002-05";"M1";"USD1";"1.5613"
"2002-05";"M1";"BRL100";"62.1"
"2002-05";"M1";"ZAR1";"0.16"
"2002-05";"M1";"JPY100";"1.2611"
"2002-05";"M1";"HKD100";"20.0169"
"2002-06";"M1";"EUR1";"1.4725"
"2002-06";"M1";"GBP1";"2.2721"
"2002-06";"M1";"USD1";"1.4835"
"2002-06";"M1";"BRL100";"52.5"
"2002-06";"M1";"ZAR1";"0.1426"
"2002-06";"M1";"JPY100";"1.245"
"2002-06";"M1";"HKD100";"19.0195"
"2002-07";"M1";"EUR1";"1.4547"
"2002-07";"M1";"GBP1";"2.3261"
"2002-07";"M1";"USD1";"1.4864"
"2002-07";"M1";"BRL100";"44.3"
"2002-07";"M1";"ZAR1";"0.146"
"2002-07";"M1";"JPY100";"1.2425"
"2002-07";"M1";"HKD100";"19.0564"
"2002-08";"M1";"EUR1";"1.4688"
"2002-08";"M1";"GBP1";"2.3178"
"2002-08";"M1";"USD1";"1.4914"
"2002-08";"M1";"BRL100";"48.5"
"2002-08";"M1";"ZAR1";"0.14"
"2002-08";"M1";"JPY100";"1.2641"
"2002-08";"M1";"HKD100";"19.12"
"2002-09";"M1";"EUR1";"1.4637"
"2002-09";"M1";"GBP1";"2.327"
"2002-09";"M1";"USD1";"1.4885"
"2002-09";"M1";"BRL100";"38.4"
"2002-09";"M1";"ZAR1";"0.1406"
"2002-09";"M1";"JPY100";"1.2226"
"2002-09";"M1";"HKD100";"19.0838"
"2002-10";"M1";"EUR1";"1.4627"
"2002-10";"M1";"GBP1";"2.3116"
"2002-10";"M1";"USD1";"1.4823"
"2002-10";"M1";"BRL100";"40"
"2002-10";"M1";"ZAR1";"0.1472"
"2002-10";"M1";"JPY100";"1.2091"
"2002-10";"M1";"HKD100";"19.0043"
"2002-11";"M1";"EUR1";"1.4756"
"2002-11";"M1";"GBP1";"2.3029"
"2002-11";"M1";"USD1";"1.487"
"2002-11";"M1";"BRL100";"41.7"
"2002-11";"M1";"ZAR1";"0.1602"
"2002-11";"M1";"JPY100";"1.213"
"2002-11";"M1";"HKD100";"19.0668"
"2002-12";"M1";"EUR1";"1.4525"
"2002-12";"M1";"GBP1";"2.2323"
"2002-12";"M1";"USD1";"1.3872"
"2002-12";"M1";"BRL100";"39.1"
"2002-12";"M1";"ZAR1";"0.1601"
"2002-12";"M1";"JPY100";"1.169"
"2002-12";"M1";"HKD100";"17.7871"
"2003-01";"M1";"EUR1";"1.4671"
"2003-01";"M1";"GBP1";"2.2436"
"2003-01";"M1";"USD1";"1.3562"
"2003-01";"M1";"BRL100";"38.1"
"2003-01";"M1";"ZAR1";"0.1573"
"2003-01";"M1";"JPY100";"1.1387"
"2003-01";"M1";"HKD100";"17.387"
"2003-02";"M1";"EUR1";"1.463"
"2003-02";"M1";"GBP1";"2.147"
"2003-02";"M1";"USD1";"1.3606"
"2003-02";"M1";"BRL100";"38.2"
"2003-02";"M1";"ZAR1";"0.1686"
"2003-02";"M1";"JPY100";"1.1554"
"2003-02";"M1";"HKD100";"17.4454"
"2003-03";"M1";"EUR1";"1.4765"
"2003-03";"M1";"GBP1";"2.1395"
"2003-03";"M1";"USD1";"1.358"
"2003-03";"M1";"BRL100";"40.4"
"2003-03";"M1";"ZAR1";"0.1707"
"2003-03";"M1";"JPY100";"1.1428"
"2003-03";"M1";"HKD100";"17.4114"
"2003-04";"M1";"EUR1";"1.5116"
"2003-04";"M1";"GBP1";"2.1658"
"2003-04";"M1";"USD1";"1.3595"
"2003-04";"M1";"BRL100";"46.6"
"2003-04";"M1";"ZAR1";"0.19"
"2003-04";"M1";"JPY100";"1.1375"
"2003-04";"M1";"HKD100";"17.4304"
"2003-05";"M1";"EUR1";"1.5292"
"2003-05";"M1";"GBP1";"2.1295"
"2003-05";"M1";"USD1";"1.292"
"2003-05";"M1";"BRL100";"43.9"
"2003-05";"M1";"ZAR1";"0.1598"
"2003-05";"M1";"JPY100";"1.0886"
"2003-05";"M1";"HKD100";"16.5669"
"2003-06";"M1";"EUR1";"1.5518"
"2003-06";"M1";"GBP1";"2.2359"
"2003-06";"M1";"USD1";"1.3561"
"2003-06";"M1";"BRL100";"47"
"2003-06";"M1";"ZAR1";"0.1833"
"2003-06";"M1";"JPY100";"1.1318"
"2003-06";"M1";"HKD100";"17.3892"
"2003-07";"M1";"EUR1";"1.5479"
"2003-07";"M1";"GBP1";"2.2017"
"2003-07";"M1";"USD1";"1.3663"
"2003-07";"M1";"BRL100";"46"
"2003-07";"M1";"ZAR1";"0.1827"
"2003-07";"M1";"JPY100";"1.1369"
"2003-07";"M1";"HKD100";"17.5178"
"2003-08";"M1";"EUR1";"1.5373"
"2003-08";"M1";"GBP1";"2.2282"
"2003-08";"M1";"USD1";"1.4093"
"2003-08";"M1";"BRL100";"47.6"
"2003-08";"M1";"ZAR1";"0.1914"
"2003-08";"M1";"JPY100";"1.2037"
"2003-08";"M1";"HKD100";"18.0691"
"2003-09";"M1";"EUR1";"1.5383"
"2003-09";"M1";"GBP1";"2.2083"
"2003-09";"M1";"USD1";"1.3192"
"2003-09";"M1";"BRL100";"45.1"
"2003-09";"M1";"ZAR1";"0.1879"
"2003-09";"M1";"JPY100";"1.1947"
"2003-09";"M1";"HKD100";"17.0397"
"2003-10";"M1";"EUR1";"1.5492"
"2003-10";"M1";"GBP1";"2.2535"
"2003-10";"M1";"USD1";"1.331"
"2003-10";"M1";"BRL100";"46.7"
"2003-10";"M1";"ZAR1";"0.1919"
"2003-10";"M1";"JPY100";"1.2199"
"2003-10";"M1";"HKD100";"17.1357"
"2003-11";"M1";"EUR1";"1.5485"
"2003-11";"M1";"GBP1";"2.2229"
"2003-11";"M1";"USD1";"1.2938"
"2003-11";"M1";"BRL100";"43.9"
"2003-11";"M1";"ZAR1";"0.2017"
"2003-11";"M1";"JPY100";"1.1841"
"2003-11";"M1";"HKD100";"16.6647"
"2003-12";"M1";"EUR1";"1.5586"
"2003-12";"M1";"GBP1";"2.204"
"2003-12";"M1";"USD1";"1.236"
"2003-12";"M1";"BRL100";"42.5"
"2003-12";"M1";"ZAR1";"0.1856"
"2003-12";"M1";"JPY100";"1.1554"
"2003-12";"M1";"HKD100";"15.9204"
"2004-01";"M1";"EUR1";"1.5612"
"2004-01";"M1";"GBP1";"2.2825"
"2004-01";"M1";"USD1";"1.2628"
"2004-01";"M1";"BRL100";"43.1"
"2004-01";"M1";"ZAR1";"0.1777"
"2004-01";"M1";"JPY100";"1.1929"
"2004-01";"M1";"HKD100";"16.2435"
"2004-02";"M1";"EUR1";"1.5758"
"2004-02";"M1";"GBP1";"2.3548"
"2004-02";"M1";"USD1";"1.2678"
"2004-02";"M1";"BRL100";"43.2"
"2004-02";"M1";"ZAR1";"0.1901"
"2004-02";"M1";"JPY100";"1.1632"
"2004-02";"M1";"HKD100";"16.2952"
"2004-03";"M1";"EUR1";"1.5588"
"2004-03";"M1";"GBP1";"2.336"
"2004-03";"M1";"USD1";"1.2739"
"2004-03";"M1";"BRL100";"43.8"
"2004-03";"M1";"ZAR1";"0.2009"
"2004-03";"M1";"JPY100";"1.2292"
"2004-03";"M1";"HKD100";"16.349"
"2004-04";"M1";"EUR1";"1.5521"
"2004-04";"M1";"GBP1";"2.2948"
"2004-04";"M1";"USD1";"1.2978"
"2004-04";"M1";"BRL100";"43.7"
"2004-04";"M1";"ZAR1";"0.1891"
"2004-04";"M1";"JPY100";"1.1759"
"2004-04";"M1";"HKD100";"16.638"
"2004-05";"M1";"EUR1";"1.5301"
"2004-05";"M1";"GBP1";"2.2914"
"2004-05";"M1";"USD1";"1.246"
"2004-05";"M1";"BRL100";"39.9"
"2004-05";"M1";"ZAR1";"0.191"
"2004-05";"M1";"JPY100";"1.1269"
"2004-05";"M1";"HKD100";"15.986"
"2004-06";"M1";"EUR1";"1.5281"
"2004-06";"M1";"GBP1";"2.2786"
"2004-06";"M1";"USD1";"1.2612"
"2004-06";"M1";"BRL100";"40.5"
"2004-06";"M1";"ZAR1";"0.2006"
"2004-06";"M1";"JPY100";"1.1587"
"2004-06";"M1";"HKD100";"16.1688"
"2004-07";"M1";"EUR1";"1.5399"
"2004-07";"M1";"GBP1";"2.3188"
"2004-07";"M1";"USD1";"1.2765"
"2004-07";"M1";"BRL100";"42"
"2004-07";"M1";"ZAR1";"0.2042"
"2004-07";"M1";"JPY100";"1.1466"
"2004-07";"M1";"HKD100";"16.3637"
"2004-08";"M1";"EUR1";"1.5426"
"2004-08";"M1";"GBP1";"2.2915"
"2004-08";"M1";"USD1";"1.2774"
"2004-08";"M1";"BRL100";"43.3"
"2004-08";"M1";"ZAR1";"0.1905"
"2004-08";"M1";"JPY100";"1.1624"
"2004-08";"M1";"HKD100";"16.3761"
"2004-09";"M1";"EUR1";"1.5535"
"2004-09";"M1";"GBP1";"2.2651"
"2004-09";"M1";"USD1";"1.2605"
"2004-09";"M1";"BRL100";"44.1"
"2004-09";"M1";"ZAR1";"0.1953"
"2004-09";"M1";"JPY100";"1.1359"
"2004-09";"M1";"HKD100";"16.1644"
"2004-10";"M1";"EUR1";"1.5277"
"2004-10";"M1";"GBP1";"2.195"
"2004-10";"M1";"USD1";"1.1975"
"2004-10";"M1";"BRL100";"41.6"
"2004-10";"M1";"ZAR1";"0.1957"
"2004-10";"M1";"JPY100";"1.1296"
"2004-10";"M1";"HKD100";"15.392"
"2004-11";"M1";"EUR1";"1.5141"
"2004-11";"M1";"GBP1";"2.1638"
"2004-11";"M1";"USD1";"1.1418"
"2004-11";"M1";"BRL100";"41.5"
"2004-11";"M1";"ZAR1";"0.1967"
"2004-11";"M1";"JPY100";"1.108"
"2004-11";"M1";"HKD100";"14.6827"
"2004-12";"M1";"EUR1";"1.5431"
"2004-12";"M1";"GBP1";"2.183"
"2004-12";"M1";"USD1";"1.1319"
"2004-12";"M1";"BRL100";"42.6"
"2004-12";"M1";"ZAR1";"0.2008"
"2004-12";"M1";"JPY100";"1.1033"
"2004-12";"M1";"HKD100";"14.5576"
"2005-01";"M1";"EUR1";"1.5493"
"2005-01";"M1";"GBP1";"2.2428"
"2005-01";"M1";"USD1";"1.1918"
"2005-01";"M1";"BRL100";"45"
"2005-01";"M1";"ZAR1";"0.1983"
"2005-01";"M1";"JPY100";"1.1485"
"2005-01";"M1";"HKD100";"15.2789"
"2005-02";"M1";"EUR1";"1.5394"
"2005-02";"M1";"GBP1";"2.2345"
"2005-02";"M1";"USD1";"1.1617"
"2005-02";"M1";"BRL100";"44.3"
"2005-02";"M1";"ZAR1";"0.1999"
"2005-02";"M1";"JPY100";"1.1121"
"2005-02";"M1";"HKD100";"14.8945"
"2005-03";"M1";"EUR1";"1.55"
"2005-03";"M1";"GBP1";"2.2487"
"2005-03";"M1";"USD1";"1.196"
"2005-03";"M1";"BRL100";"44.6"
"2005-03";"M1";"ZAR1";"0.1915"
"2005-03";"M1";"JPY100";"1.1185"
"2005-03";"M1";"HKD100";"15.3343"
"2005-04";"M1";"EUR1";"1.5372"
"2005-04";"M1";"GBP1";"2.2676"
"2005-04";"M1";"USD1";"1.186"
"2005-04";"M1";"BRL100";"46.6"
"2005-04";"M1";"ZAR1";"0.1946"
"2005-04";"M1";"JPY100";"1.126"
"2005-04";"M1";"HKD100";"15.2141"
"2005-05";"M1";"EUR1";"1.5425"
"2005-05";"M1";"GBP1";"2.2636"
"2005-05";"M1";"USD1";"1.2452"
"2005-05";"M1";"BRL100";"52.5"
"2005-05";"M1";"ZAR1";"0.1854"
"2005-05";"M1";"JPY100";"1.1527"
"2005-05";"M1";"HKD100";"16.0076"
"2005-06";"M1";"EUR1";"1.5489"
"2005-06";"M1";"GBP1";"2.3118"
"2005-06";"M1";"USD1";"1.2832"
"2005-06";"M1";"BRL100";"54.4"
"2005-06";"M1";"ZAR1";"0.192"
"2005-06";"M1";"JPY100";"1.1614"
"2005-06";"M1";"HKD100";"16.5097"
"2005-07";"M1";"EUR1";"1.5606"
"2005-07";"M1";"GBP1";"2.2651"
"2005-07";"M1";"USD1";"1.291"
"2005-07";"M1";"BRL100";"53.6"
"2005-07";"M1";"ZAR1";"0.1944"
"2005-07";"M1";"JPY100";"1.1485"
"2005-07";"M1";"HKD100";"16.606"
"2005-08";"M1";"EUR1";"1.5497"
"2005-08";"M1";"GBP1";"2.2643"
"2005-08";"M1";"USD1";"1.2688"
"2005-08";"M1";"BRL100";"53.2"
"2005-08";"M1";"ZAR1";"0.1946"
"2005-08";"M1";"JPY100";"1.139"
"2005-08";"M1";"HKD100";"16.3246"
"2005-09";"M1";"EUR1";"1.5556"
"2005-09";"M1";"GBP1";"2.2749"
"2005-09";"M1";"USD1";"1.2942"
"2005-09";"M1";"BRL100";"58.4"
"2005-09";"M1";"ZAR1";"0.203"
"2005-09";"M1";"JPY100";"1.142"
"2005-09";"M1";"HKD100";"16.6839"
"2005-10";"M1";"EUR1";"1.545"
"2005-10";"M1";"GBP1";"2.2779"
"2005-10";"M1";"USD1";"1.2788"
"2005-10";"M1";"BRL100";"56.5"
"2005-10";"M1";"ZAR1";"0.1906"
"2005-10";"M1";"JPY100";"1.1056"
"2005-10";"M1";"HKD100";"16.4953"
"2005-11";"M1";"EUR1";"1.5482"
"2005-11";"M1";"GBP1";"2.2629"
"2005-11";"M1";"USD1";"1.3142"
"2005-11";"M1";"BRL100";"60"
"2005-11";"M1";"ZAR1";"0.2025"
"2005-11";"M1";"JPY100";"1.0986"
"2005-11";"M1";"HKD100";"16.9469"
"2005-12";"M1";"EUR1";"1.5561"
"2005-12";"M1";"GBP1";"2.2687"
"2005-12";"M1";"USD1";"1.3152"
"2005-12";"M1";"BRL100";"56.5"
"2005-12";"M1";"ZAR1";"0.2071"
"2005-12";"M1";"JPY100";"1.1195"
"2005-12";"M1";"HKD100";"16.9607"
"2006-01";"M1";"EUR1";"1.5538"
"2006-01";"M1";"GBP1";"2.276"
"2006-01";"M1";"USD1";"1.2839"
"2006-01";"M1";"BRL100";"57.9"
"2006-01";"M1";"ZAR1";"0.2098"
"2006-01";"M1";"JPY100";"1.0962"
"2006-01";"M1";"HKD100";"16.5513"
"2006-02";"M1";"EUR1";"1.5655"
"2006-02";"M1";"GBP1";"2.2969"
"2006-02";"M1";"USD1";"1.3181"
"2006-02";"M1";"BRL100";"61.6"
"2006-02";"M1";"ZAR1";"0.2135"
"2006-02";"M1";"JPY100";"1.1338"
"2006-02";"M1";"HKD100";"16.9882"
"2006-03";"M1";"EUR1";"1.5796"
"2006-03";"M1";"GBP1";"2.2654"
"2006-03";"M1";"USD1";"1.303"
"2006-03";"M1";"BRL100";"59.5"
"2006-03";"M1";"ZAR1";"0.2099"
"2006-03";"M1";"JPY100";"1.1089"
"2006-03";"M1";"HKD100";"16.7899"
"2006-04";"M1";"EUR1";"1.5755"
"2006-04";"M1";"GBP1";"2.2644"
"2006-04";"M1";"USD1";"1.2555"
"2006-04";"M1";"BRL100";"59.1"
"2006-04";"M1";"ZAR1";"0.2035"
"2006-04";"M1";"JPY100";"1.0982"
"2006-04";"M1";"HKD100";"16.191"
"2006-05";"M1";"EUR1";"1.5582"
"2006-05";"M1";"GBP1";"2.2759"
"2006-05";"M1";"USD1";"1.2114"
"2006-05";"M1";"BRL100";"52.4"
"2006-05";"M1";"ZAR1";"0.1817"
"2006-05";"M1";"JPY100";"1.0818"
"2006-05";"M1";"HKD100";"15.6146"
"2006-06";"M1";"EUR1";"1.5673"
"2006-06";"M1";"GBP1";"2.2579"
"2006-06";"M1";"USD1";"1.2326"
"2006-06";"M1";"BRL100";"56.6"
"2006-06";"M1";"ZAR1";"0.1724"
"2006-06";"M1";"JPY100";"1.074"
"2006-06";"M1";"HKD100";"15.8685"
"2006-07";"M1";"EUR1";"1.5726"
"2006-07";"M1";"GBP1";"2.2998"
"2006-07";"M1";"USD1";"1.2327"
"2006-07";"M1";"BRL100";"56.6"
"2006-07";"M1";"ZAR1";"0.1797"
"2006-07";"M1";"JPY100";"1.0777"
"2006-07";"M1";"HKD100";"15.86"
"2006-08";"M1";"EUR1";"1.576"
"2006-08";"M1";"GBP1";"2.3383"
"2006-08";"M1";"USD1";"1.2264"
"2006-08";"M1";"BRL100";"57.3"
"2006-08";"M1";"ZAR1";"0.1732"
"2006-08";"M1";"JPY100";"1.0458"
"2006-08";"M1";"HKD100";"15.7684"
"2006-09";"M1";"EUR1";"1.5868"
"2006-09";"M1";"GBP1";"2.3402"
"2006-09";"M1";"USD1";"1.2528"
"2006-09";"M1";"BRL100";"57.6"
"2006-09";"M1";"ZAR1";"0.162"
"2006-09";"M1";"JPY100";"1.0606"
"2006-09";"M1";"HKD100";"16.0799"
"2006-10";"M1";"EUR1";"1.5881"
"2006-10";"M1";"GBP1";"2.3784"
"2006-10";"M1";"USD1";"1.251"
"2006-10";"M1";"BRL100";"58.1"
"2006-10";"M1";"ZAR1";"0.1647"
"2006-10";"M1";"JPY100";"1.0628"
"2006-10";"M1";"HKD100";"16.0847"
"2006-11";"M1";"EUR1";"1.5917"
"2006-11";"M1";"GBP1";"2.3586"
"2006-11";"M1";"USD1";"1.2061"
"2006-11";"M1";"BRL100";"55.7"
"2006-11";"M1";"ZAR1";"0.1687"
"2006-11";"M1";"JPY100";"1.0379"
"2006-11";"M1";"HKD100";"15.5095"
"2006-12";"M1";"EUR1";"1.6059"
"2006-12";"M1";"GBP1";"2.3918"
"2006-12";"M1";"USD1";"1.2192"
"2006-12";"M1";"BRL100";"57.1"
"2006-12";"M1";"ZAR1";"0.1741"
"2006-12";"M1";"JPY100";"1.0251"
"2006-12";"M1";"HKD100";"15.677"
"2007-01";"M1";"EUR1";"1.6242"
"2007-01";"M1";"GBP1";"2.4523"
"2007-01";"M1";"USD1";"1.2557"
"2007-01";"M1";"BRL100";"58.9"
"2007-01";"M1";"ZAR1";"0.1715"
"2007-01";"M1";"JPY100";"1.0343"
"2007-01";"M1";"HKD100";"16.0839"
"2007-02";"M1";"EUR1";"1.6128"
"2007-02";"M1";"GBP1";"2.3889"
"2007-02";"M1";"USD1";"1.2222"
"2007-02";"M1";"BRL100";"56.9"
"2007-02";"M1";"ZAR1";"0.1689"
"2007-02";"M1";"JPY100";"1.0326"
"2007-02";"M1";"HKD100";"15.648"
"2007-03";"M1";"EUR1";"1.6247"
"2007-03";"M1";"GBP1";"2.3882"
"2007-03";"M1";"USD1";"1.2205"
"2007-03";"M1";"BRL100";"59.7"
"2007-03";"M1";"ZAR1";"0.1677"
"2007-03";"M1";"JPY100";"1.0333"
"2007-03";"M1";"HKD100";"15.6176"
"2007-04";"M1";"EUR1";"1.6435"
"2007-04";"M1";"GBP1";"2.4069"
"2007-04";"M1";"USD1";"1.2089"
"2007-04";"M1";"BRL100";"59.5"
"2007-04";"M1";"ZAR1";"0.1696"
"2007-04";"M1";"JPY100";"1.0104"
"2007-04";"M1";"HKD100";"15.4561"
"2007-05";"M1";"EUR1";"1.647"
"2007-05";"M1";"GBP1";"2.4205"
"2007-05";"M1";"USD1";"1.2253"
"2007-05";"M1";"BRL100";"63.1"
"2007-05";"M1";"ZAR1";"0.1706"
"2007-05";"M1";"JPY100";"1.007"
"2007-05";"M1";"HKD100";"15.6899"
"2007-06";"M1";"EUR1";"1.6568"
"2007-06";"M1";"GBP1";"2.4656"
"2007-06";"M1";"USD1";"1.2315"
"2007-06";"M1";"BRL100";"63.9"
"2007-06";"M1";"ZAR1";"0.1735"
"2007-06";"M1";"JPY100";"0.9976"
"2007-06";"M1";"HKD100";"15.7547"
"2007-07";"M1";"EUR1";"1.6504"
"2007-07";"M1";"GBP1";"2.4429"
"2007-07";"M1";"USD1";"1.2038"
"2007-07";"M1";"BRL100";"64.1"
"2007-07";"M1";"ZAR1";"0.1688"
"2007-07";"M1";"JPY100";"1.0109"
"2007-07";"M1";"HKD100";"15.3832"
"2007-08";"M1";"EUR1";"1.6467"
"2007-08";"M1";"GBP1";"2.4284"
"2007-08";"M1";"USD1";"1.2059"
"2007-08";"M1";"BRL100";"61.3"
"2007-08";"M1";"ZAR1";"0.1692"
"2007-08";"M1";"JPY100";"1.037"
"2007-08";"M1";"HKD100";"15.4642"
"2007-09";"M1";"EUR1";"1.6594"
"2007-09";"M1";"GBP1";"2.3746"
"2007-09";"M1";"USD1";"1.1712"
"2007-09";"M1";"BRL100";"63.4"
"2007-09";"M1";"ZAR1";"0.1701"
"2007-09";"M1";"JPY100";"1.0151"
"2007-09";"M1";"HKD100";"15.0889"
"2007-10";"M1";"EUR1";"1.6735"
"2007-10";"M1";"GBP1";"2.4016"
"2007-10";"M1";"USD1";"1.1588"
"2007-10";"M1";"BRL100";"66"
"2007-10";"M1";"ZAR1";"0.1772"
"2007-10";"M1";"JPY100";"1.006"
"2007-10";"M1";"HKD100";"14.9515"
"2007-11";"M1";"EUR1";"1.6522"
"2007-11";"M1";"GBP1";"2.314"
"2007-11";"M1";"USD1";"1.1203"
"2007-11";"M1";"BRL100";"62.7"
"2007-11";"M1";"ZAR1";"0.1648"
"2007-11";"M1";"JPY100";"1.0166"
"2007-11";"M1";"HKD100";"14.3798"
"2007-12";"M1";"EUR1";"1.6571"
"2007-12";"M1";"GBP1";"2.2495"
"2007-12";"M1";"USD1";"1.1264"
"2007-12";"M1";"BRL100";"63.2"
"2007-12";"M1";"ZAR1";"0.1647"
"2007-12";"M1";"JPY100";"1.0046"
"2007-12";"M1";"HKD100";"14.4412"
"2008-01";"M1";"EUR1";"1.6066"
"2008-01";"M1";"GBP1";"2.1498"
"2008-01";"M1";"USD1";"1.0823"
"2008-01";"M1";"BRL100";"61.5"
"2008-01";"M1";"ZAR1";"0.146"
"2008-01";"M1";"JPY100";"1.0166"
"2008-01";"M1";"HKD100";"13.8739"
"2008-02";"M1";"EUR1";"1.5952"
"2008-02";"M1";"GBP1";"2.0812"
"2008-02";"M1";"USD1";"1.0483"
"2008-02";"M1";"BRL100";"62.7"
"2008-02";"M1";"ZAR1";"0.1374"
"2008-02";"M1";"JPY100";"1.004"
"2008-02";"M1";"HKD100";"13.4705"
"2008-03";"M1";"EUR1";"1.5698"
"2008-03";"M1";"GBP1";"1.9716"
"2008-03";"M1";"USD1";"0.9929"
"2008-03";"M1";"BRL100";"56.9"
"2008-03";"M1";"ZAR1";"0.122"
"2008-03";"M1";"JPY100";"1"
"2008-03";"M1";"HKD100";"12.754"
"2008-04";"M1";"EUR1";"1.6141"
"2008-04";"M1";"GBP1";"2.0401"
"2008-04";"M1";"USD1";"1.0372"
"2008-04";"M1";"BRL100";"60.8"
"2008-04";"M1";"ZAR1";"0.1365"
"2008-04";"M1";"JPY100";"0.9961"
"2008-04";"M1";"HKD100";"13.3068"
"2008-05";"M1";"EUR1";"1.6275"
"2008-05";"M1";"GBP1";"2.0727"
"2008-05";"M1";"USD1";"1.0514"
"2008-05";"M1";"BRL100";"64.2"
"2008-05";"M1";"ZAR1";"0.1382"
"2008-05";"M1";"JPY100";"0.9965"
"2008-05";"M1";"HKD100";"13.4705"
"2008-06";"M1";"EUR1";"1.6057"
"2008-06";"M1";"GBP1";"2.0248"
"2008-06";"M1";"USD1";"1.0155"
"2008-06";"M1";"BRL100";"63.6"
"2008-06";"M1";"ZAR1";"0.1289"
"2008-06";"M1";"JPY100";"0.9652"
"2008-06";"M1";"HKD100";"13.0199"
"2008-07";"M1";"EUR1";"1.6345"
"2008-07";"M1";"GBP1";"2.0725"
"2008-07";"M1";"USD1";"1.047"
"2008-07";"M1";"BRL100";"67"
"2008-07";"M1";"ZAR1";"0.1415"
"2008-07";"M1";"JPY100";"0.9678"
"2008-07";"M1";"HKD100";"13.4177"
"2008-08";"M1";"EUR1";"1.6134"
"2008-08";"M1";"GBP1";"2.0009"
"2008-08";"M1";"USD1";"1.0935"
"2008-08";"M1";"BRL100";"66.9"
"2008-08";"M1";"ZAR1";"0.1426"
"2008-08";"M1";"JPY100";"1.0075"
"2008-08";"M1";"HKD100";"14.005"
"2008-09";"M1";"EUR1";"1.5781"
"2008-09";"M1";"GBP1";"1.985"
"2008-09";"M1";"USD1";"1.0986"
"2008-09";"M1";"BRL100";"56"
"2008-09";"M1";"ZAR1";"0.1318"
"2008-09";"M1";"JPY100";"1.0482"
"2008-09";"M1";"HKD100";"14.1468"
"2008-10";"M1";"EUR1";"1.4629"
"2008-10";"M1";"GBP1";"1.8595"
"2008-10";"M1";"USD1";"1.1489"
"2008-10";"M1";"BRL100";"54.5"
"2008-10";"M1";"ZAR1";"0.1139"
"2008-10";"M1";"JPY100";"1.1853"
"2008-10";"M1";"HKD100";"14.8218"
"2008-11";"M1";"EUR1";"1.5478"
"2008-11";"M1";"GBP1";"1.8497"
"2008-11";"M1";"USD1";"1.2026"
"2008-11";"M1";"BRL100";"52.3"
"2008-11";"M1";"ZAR1";"0.1207"
"2008-11";"M1";"JPY100";"1.2619"
"2008-11";"M1";"HKD100";"15.5166"
"2008-12";"M1";"EUR1";"1.4873"
"2008-12";"M1";"GBP1";"1.5272"
"2008-12";"M1";"USD1";"1.0562"
"2008-12";"M1";"BRL100";"45.3"
"2008-12";"M1";"ZAR1";"0.1127"
"2008-12";"M1";"JPY100";"1.1698"
"2008-12";"M1";"HKD100";"13.6277"
"2009-01";"M1";"EUR1";"1.4866"
"2009-01";"M1";"GBP1";"1.6518"
"2009-01";"M1";"USD1";"1.1552"
"2009-01";"M1";"BRL100";"50.3"
"2009-01";"M1";"ZAR1";"0.114"
"2009-01";"M1";"JPY100";"1.291"
"2009-01";"M1";"HKD100";"14.8947"
"2009-02";"M1";"EUR1";"1.4852"
"2009-02";"M1";"GBP1";"1.6643"
"2009-02";"M1";"USD1";"1.1722"
"2009-02";"M1";"BRL100";"49.8"
"2009-02";"M1";"ZAR1";"0.118"
"2009-02";"M1";"JPY100";"1.2042"
"2009-02";"M1";"HKD100";"15.1166"
"2009-03";"M1";"EUR1";"1.516"
"2009-03";"M1";"GBP1";"1.6289"
"2009-03";"M1";"USD1";"1.1415"
"2009-03";"M1";"BRL100";"49"
"2009-03";"M1";"ZAR1";"0.1185"
"2009-03";"M1";"JPY100";"1.1618"
"2009-03";"M1";"HKD100";"14.7279"
"2009-04";"M1";"EUR1";"1.5103"
"2009-04";"M1";"GBP1";"1.6845"
"2009-04";"M1";"USD1";"1.1306"
"2009-04";"M1";"BRL100";"51.9"
"2009-04";"M1";"ZAR1";"0.1338"
"2009-04";"M1";"JPY100";"1.1575"
"2009-04";"M1";"HKD100";"14.5878"
"2009-05";"M1";"EUR1";"1.5135"
"2009-05";"M1";"GBP1";"1.7353"
"2009-05";"M1";"USD1";"1.0808"
"2009-05";"M1";"BRL100";"53.6"
"2009-05";"M1";"ZAR1";"0.1352"
"2009-05";"M1";"JPY100";"1.121"
"2009-05";"M1";"HKD100";"13.9402"
"2009-06";"M1";"EUR1";"1.5241"
"2009-06";"M1";"GBP1";"1.798"
"2009-06";"M1";"USD1";"1.0815"
"2009-06";"M1";"BRL100";"55.3"
"2009-06";"M1";"ZAR1";"0.139"
"2009-06";"M1";"JPY100";"1.1326"
"2009-06";"M1";"HKD100";"13.9538"
"2009-07";"M1";"EUR1";"1.5342"
"2009-07";"M1";"GBP1";"1.7997"
"2009-07";"M1";"USD1";"1.0883"
"2009-07";"M1";"BRL100";"57.8"
"2009-07";"M1";"ZAR1";"0.1392"
"2009-07";"M1";"JPY100";"1.1374"
"2009-07";"M1";"HKD100";"14.0417"
"2009-08";"M1";"EUR1";"1.5162"
"2009-08";"M1";"GBP1";"1.7205"
"2009-08";"M1";"USD1";"1.0618"
"2009-08";"M1";"BRL100";"56.4"
"2009-08";"M1";"ZAR1";"0.1363"
"2009-08";"M1";"JPY100";"1.1431"
"2009-08";"M1";"HKD100";"13.6987"
"2009-09";"M1";"EUR1";"1.5096"
"2009-09";"M1";"GBP1";"1.66"
"2009-09";"M1";"USD1";"1.0327"
"2009-09";"M1";"BRL100";"57.7"
"2009-09";"M1";"ZAR1";"0.1393"
"2009-09";"M1";"JPY100";"1.1521"
"2009-09";"M1";"HKD100";"13.3243"
"2009-10";"M1";"EUR1";"1.5102"
"2009-10";"M1";"GBP1";"1.6856"
"2009-10";"M1";"USD1";"1.0178"
"2009-10";"M1";"BRL100";"58.7"
"2009-10";"M1";"ZAR1";"0.1318"
"2009-10";"M1";"JPY100";"1.1194"
"2009-10";"M1";"HKD100";"13.1317"
"2009-11";"M1";"EUR1";"1.5073"
"2009-11";"M1";"GBP1";"1.655"
"2009-11";"M1";"USD1";"1.0018"
"2009-11";"M1";"BRL100";"57.4"
"2009-11";"M1";"ZAR1";"0.1355"
"2009-11";"M1";"JPY100";"1.1629"
"2009-11";"M1";"HKD100";"12.9255"
"2009-12";"M1";"EUR1";"1.4844"
"2009-12";"M1";"GBP1";"1.66"
"2009-12";"M1";"USD1";"1.0293"
"2009-12";"M1";"BRL100";"59.1"
"2009-12";"M1";"ZAR1";"0.1392"
"2009-12";"M1";"JPY100";"1.1153"
"2009-12";"M1";"HKD100";"13.2722"
"2010-01";"M1";"EUR1";"1.4678"
"2010-01";"M1";"GBP1";"1.6959"
"2010-01";"M1";"USD1";"1.0504"
"2010-01";"M1";"BRL100";"56.1"
"2010-01";"M1";"ZAR1";"0.1385"
"2010-01";"M1";"JPY100";"1.1634"
"2010-01";"M1";"HKD100";"13.5213"
"2010-02";"M1";"EUR1";"1.4633"
"2010-02";"M1";"GBP1";"1.6483"
"2010-02";"M1";"USD1";"1.0772"
"2010-02";"M1";"BRL100";"59"
"2010-02";"M1";"ZAR1";"0.1389"
"2010-02";"M1";"JPY100";"1.2072"
"2010-02";"M1";"HKD100";"13.8759"
"2010-03";"M1";"EUR1";"1.4308"
"2010-03";"M1";"GBP1";"1.6078"
"2010-03";"M1";"USD1";"1.0646"
"2010-03";"M1";"BRL100";"59.4"
"2010-03";"M1";"ZAR1";"0.1453"
"2010-03";"M1";"JPY100";"1.1413"
"2010-03";"M1";"HKD100";"13.7122"
"2010-04";"M1";"EUR1";"1.4348"
"2010-04";"M1";"GBP1";"1.6574"
"2010-04";"M1";"USD1";"1.0793"
"2010-04";"M1";"BRL100";"62.4"
"2010-04";"M1";"ZAR1";"0.1473"
"2010-04";"M1";"JPY100";"1.1455"
"2010-04";"M1";"HKD100";"13.9017"
"2010-05";"M1";"EUR1";"1.4231"
"2010-05";"M1";"GBP1";"1.6764"
"2010-05";"M1";"USD1";"1.1564"
"2010-05";"M1";"BRL100";"63.7"
"2010-05";"M1";"ZAR1";"0.1514"
"2010-05";"M1";"JPY100";"1.2641"
"2010-05";"M1";"HKD100";"14.8405"
"2010-06";"M1";"EUR1";"1.3225"
"2010-06";"M1";"GBP1";"1.6261"
"2010-06";"M1";"USD1";"1.081"
"2010-06";"M1";"BRL100";"59.8"
"2010-06";"M1";"ZAR1";"0.1409"
"2010-06";"M1";"JPY100";"1.2194"
"2010-06";"M1";"HKD100";"13.8866"
"2010-07";"M1";"EUR1";"1.3531"
"2010-07";"M1";"GBP1";"1.6211"
"2010-07";"M1";"USD1";"1.0378"
"2010-07";"M1";"BRL100";"59"
"2010-07";"M1";"ZAR1";"0.1412"
"2010-07";"M1";"JPY100";"1.2028"
"2010-07";"M1";"HKD100";"13.3606"
"2010-08";"M1";"EUR1";"1.2936"
"2010-08";"M1";"GBP1";"1.5744"
"2010-08";"M1";"USD1";"1.0203"
"2010-08";"M1";"BRL100";"58"
"2010-08";"M1";"ZAR1";"0.1381"
"2010-08";"M1";"JPY100";"1.21"
"2010-08";"M1";"HKD100";"13.1134"
"2010-09";"M1";"EUR1";"1.3302"
"2010-09";"M1";"GBP1";"1.551"
"2010-09";"M1";"USD1";"0.9772"
"2010-09";"M1";"BRL100";"57.4"
"2010-09";"M1";"ZAR1";"0.1402"
"2010-09";"M1";"JPY100";"1.173"
"2010-09";"M1";"HKD100";"12.5905"
"2010-10";"M1";"EUR1";"1.3687"
"2010-10";"M1";"GBP1";"1.5706"
"2010-10";"M1";"USD1";"0.989"
"2010-10";"M1";"BRL100";"58"
"2010-10";"M1";"ZAR1";"0.1407"
"2010-10";"M1";"JPY100";"1.2257"
"2010-10";"M1";"HKD100";"12.7498"
"2010-11";"M1";"EUR1";"1.2996"
"2010-11";"M1";"GBP1";"1.55"
"2010-11";"M1";"USD1";"0.9987"
"2010-11";"M1";"BRL100";"58.1"
"2010-11";"M1";"ZAR1";"0.1394"
"2010-11";"M1";"JPY100";"1.1877"
"2010-11";"M1";"HKD100";"12.8577"
"2010-12";"M1";"EUR1";"1.2507"
"2010-12";"M1";"GBP1";"1.4489"
"2010-12";"M1";"USD1";"0.9366"
"2010-12";"M1";"BRL100";"56.4"
"2010-12";"M1";"ZAR1";"0.1406"
"2010-12";"M1";"JPY100";"1.1503"
"2010-12";"M1";"HKD100";"12.048"
"2011-01";"M1";"EUR1";"1.2852"
"2011-01";"M1";"GBP1";"1.4953"
"2011-01";"M1";"USD1";"0.9427"
"2011-01";"M1";"BRL100";"55.9"
"2011-01";"M1";"ZAR1";"0.1315"
"2011-01";"M1";"JPY100";"1.1467"
"2011-01";"M1";"HKD100";"12.0885"
"2011-02";"M1";"EUR1";"1.2806"
"2011-02";"M1";"GBP1";"1.4996"
"2011-02";"M1";"USD1";"0.9261"
"2011-02";"M1";"BRL100";"55.7"
"2011-02";"M1";"ZAR1";"0.1326"
"2011-02";"M1";"JPY100";"1.1324"
"2011-02";"M1";"HKD100";"11.8868"
"2011-03";"M1";"EUR1";"1.29873"
"2011-03";"M1";"GBP1";"1.4761"
"2011-03";"M1";"USD1";"0.91544"
"2011-03";"M1";"BRL100";"56.2"
"2011-03";"M1";"ZAR1";"0.1346"
"2011-03";"M1";"JPY100";"1.1059"
"2011-03";"M1";"HKD100";"11.7589"
"2011-04";"M1";"EUR1";"1.2899"
"2011-04";"M1";"GBP1";"1.4487"
"2011-04";"M1";"USD1";"0.86892"
"2011-04";"M1";"BRL100";"54.9"
"2011-04";"M1";"ZAR1";"0.1311"
"2011-04";"M1";"JPY100";"1.0664"
"2011-04";"M1";"HKD100";"11.182"
"2011-05";"M1";"EUR1";"1.226"
"2011-05";"M1";"GBP1";"1.4041"
"2011-05";"M1";"USD1";"0.85053"
"2011-05";"M1";"BRL100";"53.5"
"2011-05";"M1";"ZAR1";"0.1233"
"2011-05";"M1";"JPY100";"1.0422"
"2011-05";"M1";"HKD100";"10.9341"
"2011-06";"M1";"EUR1";"1.208"
"2011-06";"M1";"GBP1";"1.3355"
"2011-06";"M1";"USD1";"0.83409"
"2011-06";"M1";"BRL100";"53.2"
"2011-06";"M1";"ZAR1";"0.1228"
"2011-06";"M1";"JPY100";"1.0371"
"2011-06";"M1";"HKD100";"10.7165"
"2011-07";"M1";"EUR1";"1.1454"
"2011-07";"M1";"GBP1";"1.3054"
"2011-07";"M1";"USD1";"0.80174"
"2011-07";"M1";"BRL100";"51.1"
"2011-07";"M1";"ZAR1";"0.1183"
"2011-07";"M1";"JPY100";"1.0334"
"2011-07";"M1";"HKD100";"10.285"
"2011-08";"M1";"EUR1";"1.1722"
"2011-08";"M1";"GBP1";"1.3218"
"2011-08";"M1";"USD1";"0.8118"
"2011-08";"M1";"BRL100";"50.9"
"2011-08";"M1";"ZAR1";"0.116"
"2011-08";"M1";"JPY100";"1.0605"
"2011-08";"M1";"HKD100";"10.4249"
"2011-09";"M1";"EUR1";"1.21932"
"2011-09";"M1";"GBP1";"1.4051"
"2011-09";"M1";"USD1";"0.9006"
"2011-09";"M1";"BRL100";"49"
"2011-09";"M1";"ZAR1";"0.1122"
"2011-09";"M1";"JPY100";"1.1721"
"2011-09";"M1";"HKD100";"11.5678"
"2011-10";"M1";"EUR1";"1.21964"
"2011-10";"M1";"GBP1";"1.395"
"2011-10";"M1";"USD1";"0.8711"
"2011-10";"M1";"BRL100";"52"
"2011-10";"M1";"ZAR1";"0.111"
"2011-10";"M1";"JPY100";"1.1173"
"2011-10";"M1";"HKD100";"11.2172"
"2011-11";"M1";"EUR1";"1.226"
"2011-11";"M1";"GBP1";"1.4344"
"2011-11";"M1";"USD1";"0.9226"
"2011-11";"M1";"BRL100";"49.9"
"2011-11";"M1";"ZAR1";"0.1096"
"2011-11";"M1";"JPY100";"1.1822"
"2011-11";"M1";"HKD100";"11.8554"
"2011-12";"M1";"EUR1";"1.2158"
"2011-12";"M1";"GBP1";"1.4502"
"2011-12";"M1";"USD1";"0.9403"
"2011-12";"M1";"BRL100";"50.4"
"2011-12";"M1";"ZAR1";"0.116"
"2011-12";"M1";"JPY100";"1.2132"
"2011-12";"M1";"HKD100";"12.1045"
"2012-01";"M1";"EUR1";"1.20571"
"2012-01";"M1";"GBP1";"1.4399"
"2012-01";"M1";"USD1";"0.9138"
"2012-01";"M1";"BRL100";"52.3"
"2012-01";"M1";"ZAR1";"0.1175"
"2012-01";"M1";"JPY100";"1.198"
"2012-01";"M1";"HKD100";"11.7812"
"2012-02";"M1";"EUR1";"1.20534"
"2012-02";"M1";"GBP1";"1.4267"
"2012-02";"M1";"USD1";"0.8955"
"2012-02";"M1";"BRL100";"52.7"
"2012-02";"M1";"ZAR1";"0.12"
"2012-02";"M1";"JPY100";"1.111"
"2012-02";"M1";"HKD100";"11.5464"
"2012-03";"M1";"EUR1";"1.2048"
"2012-03";"M1";"GBP1";"1.4446"
"2012-03";"M1";"USD1";"0.903"
"2012-03";"M1";"BRL100";"49.5"
"2012-03";"M1";"ZAR1";"0.1174"
"2012-03";"M1";"JPY100";"1.0984"
"2012-03";"M1";"HKD100";"11.632"
"2012-04";"M1";"EUR1";"1.20129"
"2012-04";"M1";"GBP1";"1.4773"
"2012-04";"M1";"USD1";"0.9073"
"2012-04";"M1";"BRL100";"48"
"2012-04";"M1";"ZAR1";"0.1171"
"2012-04";"M1";"JPY100";"1.1318"
"2012-04";"M1";"HKD100";"11.6925"
"2012-05";"M1";"EUR1";"1.20105"
"2012-05";"M1";"GBP1";"1.5011"
"2012-05";"M1";"USD1";"0.9675"
"2012-05";"M1";"BRL100";"48"
"2012-05";"M1";"ZAR1";"0.1132"
"2012-05";"M1";"JPY100";"1.2271"
"2012-05";"M1";"HKD100";"12.4661"
"2012-06";"M1";"EUR1";"1.20128"
"2012-06";"M1";"GBP1";"1.4919"
"2012-06";"M1";"USD1";"0.9555"
"2012-06";"M1";"BRL100";"45.9"
"2012-06";"M1";"ZAR1";"0.1157"
"2012-06";"M1";"JPY100";"1.2012"
"2012-06";"M1";"HKD100";"12.3127"
"2012-07";"M1";"EUR1";"1.20105"
"2012-07";"M1";"GBP1";"1.5367"
"2012-07";"M1";"USD1";"0.9796"
"2012-07";"M1";"BRL100";"48"
"2012-07";"M1";"ZAR1";"0.1193"
"2012-07";"M1";"JPY100";"1.2512"
"2012-07";"M1";"HKD100";"12.635"
"2012-08";"M1";"EUR1";"1.20085"
"2012-08";"M1";"GBP1";"1.5151"
"2012-08";"M1";"USD1";"0.9579"
"2012-08";"M1";"BRL100";"46.7"
"2012-08";"M1";"ZAR1";"0.1138"
"2012-08";"M1";"JPY100";"1.2187"
"2012-08";"M1";"HKD100";"12.3393"
"2012-09";"M1";"EUR1";"1.2098"
"2012-09";"M1";"GBP1";"1.5175"
"2012-09";"M1";"USD1";"0.9351"
"2012-09";"M1";"BRL100";"46"
"2012-09";"M1";"ZAR1";"0.1136"
"2012-09";"M1";"JPY100";"1.2043"
"2012-09";"M1";"HKD100";"12.0604"
"2012-10";"M1";"EUR1";"1.20774"
"2012-10";"M1";"GBP1";"1.4965"
"2012-10";"M1";"USD1";"0.9287"
"2012-10";"M1";"BRL100";"45.7"
"2012-10";"M1";"ZAR1";"0.1075"
"2012-10";"M1";"JPY100";"1.1642"
"2012-10";"M1";"HKD100";"11.984"
"2012-11";"M1";"EUR1";"1.20443"
"2012-11";"M1";"GBP1";"1.4852"
"2012-11";"M1";"USD1";"0.925"
"2012-11";"M1";"BRL100";"44.1"
"2012-11";"M1";"ZAR1";"0.1055"
"2012-11";"M1";"JPY100";"1.1213"
"2012-11";"M1";"HKD100";"11.934"
"2012-12";"M1";"EUR1";"1.2072"
"2012-12";"M1";"GBP1";"1.4794"
"2012-12";"M1";"USD1";"0.9153"
"2012-12";"M1";"BRL100";"44.7"
"2012-12";"M1";"ZAR1";"0.1076"
"2012-12";"M1";"JPY100";"1.0631"
"2012-12";"M1";"HKD100";"11.8083"
"2013-01";"M1";"EUR1";"1.23542"
"2013-01";"M1";"GBP1";"1.4423"
"2013-01";"M1";"USD1";"0.9109"
"2013-01";"M1";"BRL100";"45.8"
"2013-01";"M1";"ZAR1";"0.1014"
"2013-01";"M1";"JPY100";"1.0012"
"2013-01";"M1";"HKD100";"11.7413"
"2013-02";"M1";"EUR1";"1.22002"
"2013-02";"M1";"GBP1";"1.4093"
"2013-02";"M1";"USD1";"0.9298"
"2013-02";"M1";"BRL100";"47"
"2013-02";"M1";"ZAR1";"0.1051"
"2013-02";"M1";"JPY100";"1.01"
"2013-02";"M1";"HKD100";"11.9875"
"2013-03";"M1";"EUR1";"1.21708"
"2013-03";"M1";"GBP1";"1.4432"
"2013-03";"M1";"USD1";"0.9495"
"2013-03";"M1";"BRL100";"46.9"
"2013-03";"M1";"ZAR1";"0.1026"
"2013-03";"M1";"JPY100";"1.0094"
"2013-03";"M1";"HKD100";"12.2329"
"2013-04";"M1";"EUR1";"1.2252"
"2013-04";"M1";"GBP1";"1.4529"
"2013-04";"M1";"USD1";"0.9379"
"2013-04";"M1";"BRL100";"46.6"
"2013-04";"M1";"ZAR1";"0.1046"
"2013-04";"M1";"JPY100";"0.9607"
"2013-04";"M1";"HKD100";"12.086"
"2013-05";"M1";"EUR1";"1.24137"
"2013-05";"M1";"GBP1";"1.4511"
"2013-05";"M1";"USD1";"0.954"
"2013-05";"M1";"BRL100";"45.2"
"2013-05";"M1";"ZAR1";"0.0936"
"2013-05";"M1";"JPY100";"0.9499"
"2013-05";"M1";"HKD100";"12.2888"
"2013-06";"M1";"EUR1";"1.23481"
"2013-06";"M1";"GBP1";"1.4422"
"2013-06";"M1";"USD1";"0.9463"
"2013-06";"M1";"BRL100";"43"
"2013-06";"M1";"ZAR1";"0.0949"
"2013-06";"M1";"JPY100";"0.9549"
"2013-06";"M1";"HKD100";"12.1948"
"2013-07";"M1";"EUR1";"1.23092"
"2013-07";"M1";"GBP1";"1.409"
"2013-07";"M1";"USD1";"0.9263"
"2013-07";"M1";"BRL100";"40.6"
"2013-07";"M1";"ZAR1";"0.0939"
"2013-07";"M1";"JPY100";"0.948"
"2013-07";"M1";"HKD100";"11.9444"
"2013-08";"M1";"EUR1";"1.23157"
"2013-08";"M1";"GBP1";"1.4413"
"2013-08";"M1";"USD1";"0.9302"
"2013-08";"M1";"BRL100";"39.4"
"2013-08";"M1";"ZAR1";"0.09"
"2013-08";"M1";"JPY100";"0.9482"
"2013-08";"M1";"HKD100";"11.9917"
"2013-09";"M1";"EUR1";"1.2223"
"2013-09";"M1";"GBP1";"1.4633"
"2013-09";"M1";"USD1";"0.9052"
"2013-09";"M1";"BRL100";"40.1"
"2013-09";"M1";"ZAR1";"0.0896"
"2013-09";"M1";"JPY100";"0.9247"
"2013-09";"M1";"HKD100";"11.6729"
"2013-10";"M1";"EUR1";"1.2331"
"2013-10";"M1";"GBP1";"1.4425"
"2013-10";"M1";"USD1";"0.9001"
"2013-10";"M1";"BRL100";"41.2"
"2013-10";"M1";"ZAR1";"0.0906"
"2013-10";"M1";"JPY100";"0.9164"
"2013-10";"M1";"HKD100";"11.6126"
"2013-11";"M1";"EUR1";"1.23227"
"2013-11";"M1";"GBP1";"1.4773"
"2013-11";"M1";"USD1";"0.9051"
"2013-11";"M1";"BRL100";"39"
"2013-11";"M1";"ZAR1";"0.0885"
"2013-11";"M1";"JPY100";"0.884"
"2013-11";"M1";"HKD100";"11.6707"
"2013-12";"M1";"EUR1";"1.2264"
"2013-12";"M1";"GBP1";"1.4734"
"2013-12";"M1";"USD1";"0.8908"
"2013-12";"M1";"BRL100";"37.7"
"2013-12";"M1";"ZAR1";"0.0847"
"2013-12";"M1";"JPY100";"0.8482"
"2013-12";"M1";"HKD100";"11.4871"
"2014-01";"M1";"EUR1";"1.22314"
"2014-01";"M1";"GBP1";"1.486"
"2014-01";"M1";"USD1";"0.9034"
"2014-01";"M1";"BRL100";"37.4"
"2014-01";"M1";"ZAR1";"0.0806"
"2014-01";"M1";"JPY100";"0.8806"
"2014-01";"M1";"HKD100";"11.6293"
"2014-02";"M1";"EUR1";"1.21603"
"2014-02";"M1";"GBP1";"1.482"
"2014-02";"M1";"USD1";"0.8857"
"2014-02";"M1";"BRL100";"38.1"
"2014-02";"M1";"ZAR1";"0.083"
"2014-02";"M1";"JPY100";"0.8709"
"2014-02";"M1";"HKD100";"11.4128"
"2014-03";"M1";"EUR1";"1.21993"
"2014-03";"M1";"GBP1";"1.4749"
"2014-03";"M1";"USD1";"0.8869"
"2014-03";"M1";"BRL100";"39.2"
"2014-03";"M1";"ZAR1";"0.0836"
"2014-03";"M1";"JPY100";"0.8605"
"2014-03";"M1";"HKD100";"11.4372"
"2014-04";"M1";"EUR1";"1.21947"
"2014-04";"M1";"GBP1";"1.4859"
"2014-04";"M1";"USD1";"0.8839"
"2014-04";"M1";"BRL100";"39.5"
"2014-04";"M1";"ZAR1";"0.0838"
"2014-04";"M1";"JPY100";"0.8624"
"2014-04";"M1";"HKD100";"11.4023"
"2014-05";"M1";"EUR1";"1.22099"
"2014-05";"M1";"GBP1";"1.5016"
"2014-05";"M1";"USD1";"0.8974"
"2014-05";"M1";"BRL100";"40.3"
"2014-05";"M1";"ZAR1";"0.0859"
"2014-05";"M1";"JPY100";"0.8824"
"2014-05";"M1";"HKD100";"11.5747"
"2014-06";"M1";"EUR1";"1.21507"
"2014-06";"M1";"GBP1";"1.5151"
"2014-06";"M1";"USD1";"0.89"
"2014-06";"M1";"BRL100";"40.5"
"2014-06";"M1";"ZAR1";"0.0838"
"2014-06";"M1";"JPY100";"0.8777"
"2014-06";"M1";"HKD100";"11.4788"
"2014-07";"M1";"EUR1";"1.21652"
"2014-07";"M1";"GBP1";"1.5333"
"2014-07";"M1";"USD1";"0.9082"
"2014-07";"M1";"BRL100";"40.4"
"2014-07";"M1";"ZAR1";"0.0848"
"2014-07";"M1";"JPY100";"0.8836"
"2014-07";"M1";"HKD100";"11.72"
"2014-08";"M1";"EUR1";"1.20607"
"2014-08";"M1";"GBP1";"1.5189"
"2014-08";"M1";"USD1";"0.9151"
"2014-08";"M1";"BRL100";"40.8"
"2014-08";"M1";"ZAR1";"0.0863"
"2014-08";"M1";"JPY100";"0.8807"
"2014-08";"M1";"HKD100";"11.8081"
"2014-09";"M1";"EUR1";"1.20652"
"2014-09";"M1";"GBP1";"1.548"
"2014-09";"M1";"USD1";"0.9534"
"2014-09";"M1";"BRL100";"39"
"2014-09";"M1";"ZAR1";"0.0847"
"2014-09";"M1";"JPY100";"0.8699"
"2014-09";"M1";"HKD100";"12.2733"
"2014-10";"M1";"EUR1";"1.20588"
"2014-10";"M1";"GBP1";"1.5345"
"2014-10";"M1";"USD1";"0.9598"
"2014-10";"M1";"BRL100";"39.9"
"2014-10";"M1";"ZAR1";"0.0884"
"2014-10";"M1";"JPY100";"0.8588"
"2014-10";"M1";"HKD100";"12.3731"
"2014-11";"M1";"EUR1";"1.20182"
"2014-11";"M1";"GBP1";"1.5182"
"2014-11";"M1";"USD1";"0.9665"
"2014-11";"M1";"BRL100";"38.2"
"2014-11";"M1";"ZAR1";"0.0875"
"2014-11";"M1";"JPY100";"0.817"
"2014-11";"M1";"HKD100";"12.4651"
"2014-12";"M1";"EUR1";"1.20253"
"2014-12";"M1";"GBP1";"1.5416"
"2014-12";"M1";"USD1";"0.9894"
"2014-12";"M1";"BRL100";"37.2"
"2014-12";"M1";"ZAR1";"0.0855"
"2014-12";"M1";"JPY100";"0.827"
"2014-12";"M1";"HKD100";"12.7556"
"2015-01";"M1";"EUR1";"1.04424"
"2015-01";"M1";"GBP1";"1.3915"
"2015-01";"M1";"USD1";"0.9231"
"2015-01";"M1";"BRL100";"35.6"
"2015-01";"M1";"ZAR1";"0.0798"
"2015-01";"M1";"JPY100";"0.7857"
"2015-01";"M1";"HKD100";"11.9246"
"2015-02";"M1";"EUR1";"1.06676"
"2015-02";"M1";"GBP1";"1.4629"
"2015-02";"M1";"USD1";"0.9502"
"2015-02";"M1";"BRL100";"32.7"
"2015-02";"M1";"ZAR1";"0.0823"
"2015-02";"M1";"JPY100";"0.7956"
"2015-02";"M1";"HKD100";"12.2521"
"2015-03";"M1";"EUR1";"1.04547"
"2015-03";"M1";"GBP1";"1.438"
"2015-03";"M1";"USD1";"0.9744"
"2015-03";"M1";"BRL100";"30.2"
"2015-03";"M1";"ZAR1";"0.0798"
"2015-03";"M1";"JPY100";"0.8112"
"2015-03";"M1";"HKD100";"12.565"
"2015-04";"M1";"EUR1";"1.04929"
"2015-04";"M1";"GBP1";"1.447"
"2015-04";"M1";"USD1";"0.9361"
"2015-04";"M1";"BRL100";"31.6"
"2015-04";"M1";"ZAR1";"0.0792"
"2015-04";"M1";"JPY100";"0.7871"
"2015-04";"M1";"HKD100";"12.0775"
"2015-05";"M1";"EUR1";"1.03424"
"2015-05";"M1";"GBP1";"1.4429"
"2015-05";"M1";"USD1";"0.9435"
"2015-05";"M1";"BRL100";"29.9"
"2015-05";"M1";"ZAR1";"0.0777"
"2015-05";"M1";"JPY100";"0.7625"
"2015-05";"M1";"HKD100";"12.1768"
"2015-06";"M1";"EUR1";"1.03768"
"2015-06";"M1";"GBP1";"1.4647"
"2015-06";"M1";"USD1";"0.9314"
"2015-06";"M1";"BRL100";"29.8"
"2015-06";"M1";"ZAR1";"0.0761"
"2015-06";"M1";"JPY100";"0.7634"
"2015-06";"M1";"HKD100";"12.0153"
"2015-07";"M1";"EUR1";"1.05362"
"2015-07";"M1";"GBP1";"1.4993"
"2015-07";"M1";"USD1";"0.9632"
"2015-07";"M1";"BRL100";"28.6"
"2015-07";"M1";"ZAR1";"0.0756"
"2015-07";"M1";"JPY100";"0.7756"
"2015-07";"M1";"HKD100";"12.4275"
"2015-08";"M1";"EUR1";"1.0793"
"2015-08";"M1";"GBP1";"1.4849"
"2015-08";"M1";"USD1";"0.9625"
"2015-08";"M1";"BRL100";"26.9"
"2015-08";"M1";"ZAR1";"0.0722"
"2015-08";"M1";"JPY100";"0.7945"
"2015-08";"M1";"HKD100";"12.4304"
"2015-09";"M1";"EUR1";"1.09255"
"2015-09";"M1";"GBP1";"1.478"
"2015-09";"M1";"USD1";"0.9734"
"2015-09";"M1";"BRL100";"24"
"2015-09";"M1";"ZAR1";"0.0705"
"2015-09";"M1";"JPY100";"0.8093"
"2015-09";"M1";"HKD100";"12.5572"
"2015-10";"M1";"EUR1";"1.08667"
"2015-10";"M1";"GBP1";"1.5138"
"2015-10";"M1";"USD1";"0.9873"
"2015-10";"M1";"BRL100";"25.6"
"2015-10";"M1";"ZAR1";"0.0715"
"2015-10";"M1";"JPY100";"0.8194"
"2015-10";"M1";"HKD100";"12.7352"
"2015-11";"M1";"EUR1";"1.09055"
"2015-11";"M1";"GBP1";"1.5471"
"2015-11";"M1";"USD1";"1.0309"
"2015-11";"M1";"BRL100";"26.8"
"2015-11";"M1";"ZAR1";"0.0717"
"2015-11";"M1";"JPY100";"0.8375"
"2015-11";"M1";"HKD100";"13.3"
"2015-12";"M1";"EUR1";"1.08169"
"2015-12";"M1";"GBP1";"1.4677"
"2015-12";"M1";"USD1";"0.9903"
"2015-12";"M1";"BRL100";"25"
"2015-12";"M1";"ZAR1";"0.0634"
"2015-12";"M1";"JPY100";"0.8226"
"2015-12";"M1";"HKD100";"12.7763"
"2016-01";"M1";"EUR1";"1.11123"
"2016-01";"M1";"GBP1";"1.4624"
"2016-01";"M1";"USD1";"1.0193"
"2016-01";"M1";"BRL100";"25"
"2016-01";"M1";"ZAR1";"0.0635"
"2016-01";"M1";"JPY100";"0.8431"
"2016-01";"M1";"HKD100";"13.0867"
"2016-02";"M1";"EUR1";"1.09145"
"2016-02";"M1";"GBP1";"1.3873"
"2016-02";"M1";"USD1";"0.9998"
"2016-02";"M1";"BRL100";"25"
"2016-02";"M1";"ZAR1";"0.062"
"2016-02";"M1";"JPY100";"0.8859"
"2016-02";"M1";"HKD100";"12.8698"
"2016-03";"M1";"EUR1";"1.09356"
"2016-03";"M1";"GBP1";"1.3855"
"2016-03";"M1";"USD1";"0.9631"
"2016-03";"M1";"BRL100";"26.8"
"2016-03";"M1";"ZAR1";"0.0651"
"2016-03";"M1";"JPY100";"0.8572"
"2016-03";"M1";"HKD100";"12.4174"
"2016-04";"M1";"EUR1";"1.09594"
"2016-04";"M1";"GBP1";"1.4057"
"2016-04";"M1";"USD1";"0.9628"
"2016-04";"M1";"BRL100";"27.6"
"2016-04";"M1";"ZAR1";"0.0677"
"2016-04";"M1";"JPY100";"0.8995"
"2016-04";"M1";"HKD100";"12.4174"
"2016-05";"M1";"EUR1";"1.10358"
"2016-05";"M1";"GBP1";"1.4486"
"2016-05";"M1";"USD1";"0.9914"
"2016-05";"M1";"BRL100";"27.8"
"2016-05";"M1";"ZAR1";"0.0626"
"2016-05";"M1";"JPY100";"0.8934"
"2016-05";"M1";"HKD100";"12.7614"
"2016-06";"M1";"EUR1";"1.08836"
"2016-06";"M1";"GBP1";"1.3189"
"2016-06";"M1";"USD1";"0.9793"
"2016-06";"M1";"BRL100";"30.2"
"2016-06";"M1";"ZAR1";"0.0663"
"2016-06";"M1";"JPY100";"0.9516"
"2016-06";"M1";"HKD100";"12.6094"
"2016-07";"M1";"EUR1";"1.08441"
"2016-07";"M1";"GBP1";"1.2884"
"2016-07";"M1";"USD1";"0.9774"
"2016-07";"M1";"BRL100";"29.7"
"2016-07";"M1";"ZAR1";"0.069"
"2016-07";"M1";"JPY100";"0.9419"
"2016-07";"M1";"HKD100";"12.6009"
"2016-08";"M1";"EUR1";"1.09561"
"2016-08";"M1";"GBP1";"1.2925"
"2016-08";"M1";"USD1";"0.9826"
"2016-08";"M1";"BRL100";"30.4"
"2016-08";"M1";"ZAR1";"0.0681"
"2016-08";"M1";"JPY100";"0.9532"
"2016-08";"M1";"HKD100";"12.6688"
"2016-09";"M1";"EUR1";"1.08288"
"2016-09";"M1";"GBP1";"1.2558"
"2016-09";"M1";"USD1";"0.9684"
"2016-09";"M1";"BRL100";"29.7"
"2016-09";"M1";"ZAR1";"0.0691"
"2016-09";"M1";"JPY100";"0.9588"
"2016-09";"M1";"HKD100";"12.495"
"2016-10";"M1";"EUR1";"1.08275"
"2016-10";"M1";"GBP1";"1.2023"
"2016-10";"M1";"USD1";"0.9884"
"2016-10";"M1";"BRL100";"30.8"
"2016-10";"M1";"ZAR1";"0.0725"
"2016-10";"M1";"JPY100";"0.9413"
"2016-10";"M1";"HKD100";"12.7452"
"2016-11";"M1";"EUR1";"1.07818"
"2016-11";"M1";"GBP1";"1.265"
"2016-11";"M1";"USD1";"1.0128"
"2016-11";"M1";"BRL100";"29.3"
"2016-11";"M1";"ZAR1";"0.0724"
"2016-11";"M1";"JPY100";"0.8967"
"2016-11";"M1";"HKD100";"13.0693"
"2016-12";"M1";"EUR1";"1.07371"
"2016-12";"M1";"GBP1";"1.2498"
"2016-12";"M1";"USD1";"1.016"
"2016-12";"M1";"BRL100";"31.2"
"2016-12";"M1";"ZAR1";"0.0737"
"2016-12";"M1";"JPY100";"0.8685"
"2016-12";"M1";"HKD100";"13.0875"
"2017-01";"M1";"EUR1";"1.06539"
"2017-01";"M1";"GBP1";"1.2375"
"2017-01";"M1";"USD1";"0.9954"
"2017-01";"M1";"BRL100";"31.8"
"2017-01";"M1";"ZAR1";"0.0733"
"2017-01";"M1";"JPY100";"0.8744"
"2017-01";"M1";"HKD100";"12.8266"
"2017-02";"M1";"EUR1";"1.06478"
"2017-02";"M1";"GBP1";"1.2505"
"2017-02";"M1";"USD1";"1.0062"
"2017-02";"M1";"BRL100";"32.3"
"2017-02";"M1";"ZAR1";"0.0774"
"2017-02";"M1";"JPY100";"0.8948"
"2017-02";"M1";"HKD100";"12.9585"
"2017-03";"M1";"EUR1";"1.06958"
"2017-03";"M1";"GBP1";"1.2453"
"2017-03";"M1";"USD1";"1.0001"
"2017-03";"M1";"BRL100";"31.7"
"2017-03";"M1";"ZAR1";"0.0748"
"2017-03";"M1";"JPY100";"0.8938"
"2017-03";"M1";"HKD100";"12.8689"
"2017-04";"M1";"EUR1";"1.08241"
"2017-04";"M1";"GBP1";"1.2856"
"2017-04";"M1";"USD1";"0.9934"
"2017-04";"M1";"BRL100";"31.2"
"2017-04";"M1";"ZAR1";"0.0748"
"2017-04";"M1";"JPY100";"0.8929"
"2017-04";"M1";"HKD100";"12.7702"
"2017-05";"M1";"EUR1";"1.08883"
"2017-05";"M1";"GBP1";"1.2456"
"2017-05";"M1";"USD1";"0.974"
"2017-05";"M1";"BRL100";"29.9"
"2017-05";"M1";"ZAR1";"0.0744"
"2017-05";"M1";"JPY100";"0.8786"
"2017-05";"M1";"HKD100";"12.5012"
"2017-06";"M1";"EUR1";"1.09297"
"2017-06";"M1";"GBP1";"1.2453"
"2017-06";"M1";"USD1";"0.9586"
"2017-06";"M1";"BRL100";"29"
"2017-06";"M1";"ZAR1";"0.0732"
"2017-06";"M1";"JPY100";"0.8567"
"2017-06";"M1";"HKD100";"12.2772"
"2017-07";"M1";"EUR1";"1.13765"
"2017-07";"M1";"GBP1";"1.2713"
"2017-07";"M1";"USD1";"0.9701"
"2017-07";"M1";"BRL100";"30.9"
"2017-07";"M1";"ZAR1";"0.0742"
"2017-07";"M1";"JPY100";"0.8767"
"2017-07";"M1";"HKD100";"12.42"
"2017-08";"M1";"EUR1";"1.14606"
"2017-08";"M1";"GBP1";"1.2433"
"2017-08";"M1";"USD1";"0.964"
"2017-08";"M1";"BRL100";"30.5"
"2017-08";"M1";"ZAR1";"0.074"
"2017-08";"M1";"JPY100";"0.8717"
"2017-08";"M1";"HKD100";"12.3131"
"2017-09";"M1";"EUR1";"1.14531"
"2017-09";"M1";"GBP1";"1.2992"
"2017-09";"M1";"USD1";"0.9709"
"2017-09";"M1";"BRL100";"30.5"
"2017-09";"M1";"ZAR1";"0.072"
"2017-09";"M1";"JPY100";"0.8625"
"2017-09";"M1";"HKD100";"12.4285"
"2017-10";"M1";"EUR1";"1.16066"
"2017-10";"M1";"GBP1";"1.317"
"2017-10";"M1";"USD1";"0.9978"
"2017-10";"M1";"BRL100";"30.3"
"2017-10";"M1";"ZAR1";"0.0707"
"2017-10";"M1";"JPY100";"0.8811"
"2017-10";"M1";"HKD100";"12.7895"
"2017-11";"M1";"EUR1";"1.16782"
"2017-11";"M1";"GBP1";"1.3286"
"2017-11";"M1";"USD1";"0.9869"
"2017-11";"M1";"BRL100";"30.4"
"2017-11";"M1";"ZAR1";"0.0723"
"2017-11";"M1";"JPY100";"0.8786"
"2017-11";"M1";"HKD100";"12.6412"
"2017-12";"M1";"EUR1";"1.16905"
"2017-12";"M1";"GBP1";"1.3173"
"2017-12";"M1";"USD1";"0.9753"
"2017-12";"M1";"BRL100";"29.5"
"2017-12";"M1";"ZAR1";"0.0794"
"2017-12";"M1";"JPY100";"0.8666"
"2017-12";"M1";"HKD100";"12.4884"
"2018-01";"M1";"EUR1";"1.16"
"2018-01";"M1";"GBP1";"1.3176"
"2018-01";"M1";"USD1";"0.932"
"2018-01";"M1";"BRL100";"29.3"
"2018-01";"M1";"ZAR1";"0.0786"
"2018-01";"M1";"JPY100";"0.857"
"2018-01";"M1";"HKD100";"11.9182"
"2018-02";"M1";"EUR1";"1.15179"
"2018-02";"M1";"GBP1";"1.3101"
"2018-02";"M1";"USD1";"0.9427"
"2018-02";"M1";"BRL100";"29"
"2018-02";"M1";"ZAR1";"0.0806"
"2018-02";"M1";"JPY100";"0.8804"
"2018-02";"M1";"HKD100";"12.0442"
"2018-03";"M1";"EUR1";"1.1752"
"2018-03";"M1";"GBP1";"1.3392"
"2018-03";"M1";"USD1";"0.9531"
"2018-03";"M1";"BRL100";"28.8"
"2018-03";"M1";"ZAR1";"0.0806"
"2018-03";"M1";"JPY100";"0.8977"
"2018-03";"M1";"HKD100";"12.1444"
"2018-04";"M1";"EUR1";"1.19776"
"2018-04";"M1";"GBP1";"1.35922"
"2018-04";"M1";"USD1";"0.9896"
"2018-04";"M1";"BRL100";"28.61108"
"2018-04";"M1";"ZAR1";"0.0798"
"2018-04";"M1";"JPY100";"0.90527"
"2018-04";"M1";"HKD100";"12.6083"
"2018-05";"M1";"EUR1";"1.15669"
"2018-05";"M1";"GBP1";"1.31627"
"2018-05";"M1";"USD1";"0.98715"
"2018-05";"M1";"BRL100";"26.50565"
"2018-05";"M1";"ZAR1";"0.07891"
"2018-05";"M1";"JPY100";"0.90618"
"2018-05";"M1";"HKD100";"12.57772"
"2018-06";"M1";"EUR1";"1.15714"
"2018-06";"M1";"GBP1";"1.30801"
"2018-06";"M1";"USD1";"0.99325"
"2018-06";"M1";"BRL100";"25.71987"
"2018-06";"M1";"ZAR1";"0.07238"
"2018-06";"M1";"JPY100";"0.89696"
"2018-06";"M1";"HKD100";"12.65786"
"2018-07";"M1";"EUR1";"1.15843"
"2018-07";"M1";"GBP1";"1.29939"
"2018-07";"M1";"USD1";"0.98775"
"2018-07";"M1";"BRL100";"26.47555"
"2018-07";"M1";"ZAR1";"0.07512"
"2018-07";"M1";"JPY100";"0.88552"
"2018-07";"M1";"HKD100";"12.58409"
"2018-08";"M1";"EUR1";"1.12928"
"2018-08";"M1";"GBP1";"1.25945"
"2018-08";"M1";"USD1";"0.9678"
"2018-08";"M1";"BRL100";"23.32217"
"2018-08";"M1";"ZAR1";"0.06601"
"2018-08";"M1";"JPY100";"0.87366"
"2018-08";"M1";"HKD100";"12.33055"
"2018-09";"M1";"EUR1";"1.13493"
"2018-09";"M1";"GBP1";"1.27746"
"2018-09";"M1";"USD1";"0.97725"
"2018-09";"M1";"BRL100";"24.37215"
"2018-09";"M1";"ZAR1";"0.06905"
"2018-09";"M1";"JPY100";"0.86109"
"2018-09";"M1";"HKD100";"12.48962"
"2018-10";"M1";"EUR1";"1.14034"
"2018-10";"M1";"GBP1";"1.28076"
"2018-10";"M1";"USD1";"1.0059"
"2018-10";"M1";"BRL100";"27.19751"
"2018-10";"M1";"ZAR1";"0.06821"
"2018-10";"M1";"JPY100";"0.88911"
"2018-10";"M1";"HKD100";"12.82071"
"2018-11";"M1";"EUR1";"1.1327"
"2018-11";"M1";"GBP1";"1.27229"
"2018-11";"M1";"USD1";"0.996"
"2018-11";"M1";"BRL100";"25.85468"
"2018-11";"M1";"ZAR1";"0.07254"
"2018-11";"M1";"JPY100";"0.87765"
"2018-11";"M1";"HKD100";"12.73364"
"2018-12";"M1";"EUR1";"1.1265"
"2018-12";"M1";"GBP1";"1.25464"
"2018-12";"M1";"USD1";"0.985"
"2018-12";"M1";"BRL100";"25.41214"
"2018-12";"M1";"ZAR1";"0.06849"
"2018-12";"M1";"JPY100";"0.89419"
"2018-12";"M1";"HKD100";"12.57741"
"2019-01";"M1";"EUR1";"1.14065"
"2019-01";"M1";"GBP1";"1.30245"
"2019-01";"M1";"USD1";"0.99295"
"2019-01";"M1";"BRL100";"26.97867"
"2019-01";"M1";"ZAR1";"0.07446"
"2019-01";"M1";"JPY100";"0.9147"
"2019-01";"M1";"HKD100";"12.65614"
"2019-02";"M1";"EUR1";"1.13444"
"2019-02";"M1";"GBP1";"1.32471"
"2019-02";"M1";"USD1";"0.99595"
"2019-02";"M1";"BRL100";"26.70322"
"2019-02";"M1";"ZAR1";"0.07124"
"2019-02";"M1";"JPY100";"0.89891"
"2019-02";"M1";"HKD100";"12.68758"
"2019-03";"M1";"EUR1";"1.11686"
"2019-03";"M1";"GBP1";"1.29689"
"2019-03";"M1";"USD1";"0.996"
"2019-03";"M1";"BRL100";"25.52537"
"2019-03";"M1";"ZAR1";"0.06851"
"2019-03";"M1";"JPY100";"0.89896"
"2019-03";"M1";"HKD100";"12.6879"
"2019-04";"M1";"EUR1";"1.141"
"2019-04";"M1";"GBP1";"1.32087"
"2019-04";"M1";"USD1";"1.01825"
"2019-04";"M1";"BRL100";"25.82556"
"2019-04";"M1";"ZAR1";"0.07103"
"2019-04";"M1";"JPY100";"0.91421"
"2019-04";"M1";"HKD100";"12.9801"
"2019-05";"M1";"EUR1";"1.12076"
"2019-05";"M1";"GBP1";"1.26824"
"2019-05";"M1";"USD1";"1.0053"
"2019-05";"M1";"BRL100";"25.24991"
"2019-05";"M1";"ZAR1";"0.06795"
"2019-05";"M1";"JPY100";"0.92403"
"2019-05";"M1";"HKD100";"12.81649"
"2019-06";"M1";"EUR1";"1.10934"
"2019-06";"M1";"GBP1";"1.23489"
"2019-06";"M1";"USD1";"0.974"
"2019-06";"M1";"BRL100";"25.49138"
"2019-06";"M1";"ZAR1";"0.06882"
"2019-06";"M1";"JPY100";"0.90474"
"2019-06";"M1";"HKD100";"12.47614"
"2019-07";"M1";"EUR1";"1.10402"
"2019-07";"M1";"GBP1";"1.20466"
"2019-07";"M1";"USD1";"0.99055"
"2019-07";"M1";"BRL100";"26.13037"
"2019-07";"M1";"ZAR1";"0.06972"
"2019-07";"M1";"JPY100";"0.9124"
"2019-07";"M1";"HKD100";"12.65507"
"2019-08";"M1";"EUR1";"1.09136"
"2019-08";"M1";"GBP1";"1.20313"
"2019-08";"M1";"USD1";"0.9886"
"2019-08";"M1";"BRL100";"23.7063"
"2019-08";"M1";"ZAR1";"0.06489"
"2019-08";"M1";"JPY100";"0.92905"
"2019-08";"M1";"HKD100";"12.60471"
